{
"lengthUnit": "mil",
"components": {
	"fields": ["COMPONENT_NO", "COMPONENT_NAME", "LAYER", "X_COORDINATE", "Y_COORDINATE", "ANGLE"],
	"rows": [
		[1, "ANT1", "T", -115, 75, 0],
		[2, "BAT-", "T", -305, -920, 0],
		[3, "BAT+", "T", 295, -920, 0],
		[4, "BOOT", "T", -241, -630, 0],
		[5, "C1", "T", -80, -350, 45],
		[6, "C2", "T", -110, -59, 0],
		[7, "C3", "T", 10, -365, 270],
		[8, "C4", "T", 75, -35, 180],
		[9, "C7", "T", -75, -430, 270],
		[10, "C8", "T", -185, -210, 0],
		[11, "C9", "T", 105, -570, 180],
		[12, "C10", "T", 280, -850, 0],
		[13, "C11", "T", -235, -305, 270],
		[14, "CH582Fv2", "T", -20, -170, 315],
		[15, "D1", "T", -115, -490, 90],
		[16, "D2", "T", 290, -490, 270],
		[17, "D3", "T", -1, -630, 270],
		[18, "H1", "T", -305, -270, 270],
		[19, "JP1", "T", 275, -780, 270],
		[20, "L1", "T", -145, -285, 180],
		[21, "LED_BLUE", "T", 265, -210, 180],
		[22, "LED_GREEN", "T", 260, -105, 270],
		[23, "LED_RED", "T", 235, -295, 270],
		[24, "LED_YELLOW", "T", 255, -390, 180],
		[25, "PA8/RXD1", "B", -40.1, -321.95, 180],
		[26, "PB7/TXD0", "B", 134.9, -201.95, 180],
		[27, "Q1", "T", -205, -500, 270],
		[28, "Q2", "T", 190.55, -495, 0],
		[29, "Q3", "T", -210, -70, 270],
		[30, "R1", "T", -60, -635, 90],
		[31, "R2", "T", 65, -635, 90],
		[32, "R3", "T", 160, -255, 0],
		[33, "R9", "T", -205, -390, 90],
		[34, "R10", "T", -245, -390, 90],
		[35, "R11", "T", -160, -390, 270],
		[36, "R12", "T", 120, -430, 90],
		[37, "R14", "T", 180, -400, 270],
		[38, "R15", "T", 160, -295, 0],
		[39, "R16", "T", -120, -630, 90],
		[40, "R18", "T", 160, -215, 0],
		[41, "R19", "T", 120, -625, 0],
		[42, "R20", "T", 145, -345, 0],
		[43, "R21", "T", 75, -345, 0],
		[44, "R22", "T", 300, -675, 270],
		[45, "R23", "T", 300, -600, 90],
		[46, "R24", "T", 80, -505, 90],
		[47, "R26", "T", -185, -160, 180],
		[48, "R27", "T", 80, -430, 270],
		[49, "SW1", "T", -300, -795, 270],
		[50, "TXD1", "T", 289.9, -306.63, 90],
		[51, "U5", "T", 0, -470, 0],
		[52, "U6", "T", -2, -810, 0],
		[53, "U7", "T", 220, -630, 0],
		[54, "X1", "T", 165, -120, 270]
	]
},
"pins": {
	"fields": ["PIN_NO", "PIN_NAME", "PIN_X", "PIN_Y", "LAYER", "PIN_TYPE", "NET_NAME", "NET_TYPE", "PAD_SHAPE", "PAD_SIZEX", "PAD_SIZEY", "HOLE_SIZE", "PAD_ANGLE"],
	"rows": [
		[1, "ANT1_0", -135.67, 75, "T", "SMD", "GND", "GND", "R", 5.9, 5.9, 0, 0],
		[2, "ANT1_1", -115, 75, "T", "SMD", "ANT", "", "R", 5.9, 5.9, 0, 0],
		[3, "BAT-_1", -305, -920, "T", "DIP", "GND", "GND", "C", 60, 60, 36, 0],
		[4, "BAT-_1", -305, -920, "B", "DIP", "GND", "GND", "C", 60, 60, 36, 0],
		[5, "BAT+_1", 295, -920, "T", "DIP", "BAT+", "", "C", 60, 60, 36, 0],
		[6, "BAT+_1", 295, -920, "B", "DIP", "BAT+", "", "C", 60, 60, 36, 0],
		[7, "BOOT_1", -316.79, -659.53, "T", "SMD", "GND", "GND", "R", 49.21, 35.43, 0, 0],
		[8, "BOOT_2", -165.21, -659.53, "T", "SMD", "GND", "GND", "R", 49.21, 35.43, 0, 0],
		[9, "BOOT_3", -316.79, -600.47, "T", "SMD", "BOOT_3", "", "R", 49.21, 35.43, 0, 0],
		[10, "BOOT_4", -165.21, -600.47, "T", "SMD", "PB22/BOOT", "", "R", 49.21, 35.43, 0, 0],
		[11, "C1_1", -99.49, -369.49, "T", "SMD", "GND", "GND", "R", 31.5, 35.43, 0, 45],
		[12, "C1_2", -60.51, -330.51, "T", "SMD", "VDD3V3", "", "R", 31.5, 35.43, 0, 45],
		[13, "C2_1", -131.46, -59, "T", "SMD", "GND", "GND", "R", 31.11, 21.26, 0, 0],
		[14, "C2_2", -88.54, -59, "T", "SMD", "VDCIA", "", "R", 31.11, 21.26, 0, 0],
		[15, "C3_1", 10, -345, "T", "SMD", "GND", "GND", "R", 22, 22, 0, 270],
		[16, "C3_2", 10, -385, "T", "SMD", "5V", "", "R", 22, 22, 0, 270],
		[17, "C4_1", 102.56, -35, "T", "SMD", "GND", "GND", "R", 31.5, 35.43, 0, 180],
		[18, "C4_2", 47.44, -35, "T", "SMD", "VINTA", "", "R", 31.5, 35.43, 0, 180],
		[19, "C7_1", -75, -410, "T", "SMD", "GND", "GND", "R", 22, 22, 0, 270],
		[20, "C7_2", -75, -450, "T", "SMD", "VDD3V3", "", "R", 22, 22, 0, 270],
		[21, "C8_1", -212.56, -210, "T", "SMD", "GND", "GND", "R", 31.5, 35.43, 0, 0],
		[22, "C8_2", -157.44, -210, "T", "SMD", "VDCIA", "", "R", 31.5, 35.43, 0, 0],
		[23, "C9_1", 132.56, -570, "T", "SMD", "GND", "GND", "R", 31.5, 35.43, 0, 180],
		[24, "C9_2", 77.44, -570, "T", "SMD", "VBUS", "", "R", 31.5, 35.43, 0, 180],
		[25, "C10_1", 252.44, -850, "T", "SMD", "GND", "GND", "R", 31.5, 35.43, 0, 0],
		[26, "C10_2", 307.56, -850, "T", "SMD", "BAT+", "", "R", 31.5, 35.43, 0, 0],
		[27, "C11_1", -235, -283.54, "T", "SMD", "GND", "GND", "R", 31.11, 21.26, 0, 270],
		[28, "C11_2", -235, -326.46, "T", "SMD", "PB22/BOOT", "", "R", 31.11, 21.26, 0, 270],
		[29, "CH582Fv2_1", -109.08, -192.27, "T", "SMD", "CH582Fv2_1", "", "O", 7.87, 31.5, 0, 315],
		[30, "CH582Fv2_2", -97.95, -203.4, "T", "SMD", "CH582Fv2_2", "", "O", 7.87, 31.5, 0, 315],
		[31, "CH582Fv2_3", -86.81, -214.55, "T", "SMD", "VDCIA", "", "O", 7.87, 31.5, 0, 315],
		[32, "CH582Fv2_4", -75.71, -225.65, "T", "SMD", "VSW", "", "O", 7.87, 31.5, 0, 315],
		[33, "CH582Fv2_5", -64.54, -236.81, "T", "SMD", "VDD3V3", "", "O", 7.87, 31.5, 0, 315],
		[34, "CH582Fv2_6", -53.4, -247.95, "T", "SMD", "PA8/RXD1", "", "O", 7.87, 31.5, 0, 315],
		[35, "CH582Fv2_7", -42.27, -259.08, "T", "SMD", "PA9/TXD1", "", "O", 7.87, 31.5, 0, 315],
		[36, "CH582Fv2_8", 2.27, -259.08, "T", "SMD", "RTS", "", "O", 31.5, 7.87, 0, 315],
		[37, "CH582Fv2_9", 13.4, -247.95, "T", "SMD", "DCD", "", "O", 31.5, 7.87, 0, 315],
		[38, "CH582Fv2_10", 24.54, -236.81, "T", "SMD", "PB13", "", "O", 31.5, 7.87, 0, 315],
		[39, "CH582Fv2_11", 35.66, -225.66, "T", "SMD", "PB12", "", "O", 31.5, 7.87, 0, 315],
		[40, "CH582Fv2_12", 46.81, -214.55, "T", "SMD", "PB11/UD+", "", "O", 31.5, 7.87, 0, 315],
		[41, "CH582Fv2_13", 57.95, -203.4, "T", "SMD", "PB10/UD-", "", "O", 31.5, 7.87, 0, 315],
		[42, "CH582Fv2_14", 69.08, -192.27, "T", "SMD", "PB7/TXD0", "", "O", 31.5, 7.87, 0, 315],
		[43, "CH582Fv2_15", 69.08, -147.73, "T", "SMD", "PB4/RXD0", "", "O", 7.87, 31.5, 0, 315],
		[44, "CH582Fv2_16", 57.95, -136.6, "T", "SMD", "PB23", "", "O", 7.87, 31.5, 0, 315],
		[45, "CH582Fv2_17", 46.81, -125.45, "T", "SMD", "PB22/BOOT", "", "O", 7.87, 31.5, 0, 315],
		[46, "CH582Fv2_18", 35.68, -114.32, "T", "SMD", "X32MO", "", "O", 7.87, 31.5, 0, 315],
		[47, "CH582Fv2_19", 24.55, -103.19, "T", "SMD", "X32MI", "", "O", 7.87, 31.5, 0, 315],
		[48, "CH582Fv2_20", 13.4, -92.05, "T", "SMD", "VINTA", "", "O", 7.87, 31.5, 0, 315],
		[49, "CH582Fv2_21", 2.27, -80.92, "T", "SMD", "ANT", "", "O", 7.87, 31.5, 0, 315],
		[50, "CH582Fv2_22", -42.27, -80.92, "T", "SMD", "VDCIA", "", "O", 31.5, 7.87, 0, 315],
		[51, "CH582Fv2_23", -53.4, -92.05, "T", "SMD", "CH582Fv2_23", "", "O", 31.5, 7.87, 0, 315],
		[52, "CH582Fv2_24", -64.55, -103.19, "T", "SMD", "BAT_CHECK", "", "O", 31.5, 7.87, 0, 315],
		[53, "CH582Fv2_25", -75.67, -114.33, "T", "SMD", "CH582Fv2_25", "", "O", 31.5, 7.87, 0, 315],
		[54, "CH582Fv2_26", -86.81, -125.45, "T", "SMD", "VCC_CTL", "", "O", 31.5, 7.87, 0, 315],
		[55, "CH582Fv2_27", -97.95, -136.6, "T", "SMD", "CH582Fv2_27", "", "O", 31.5, 7.87, 0, 315],
		[56, "CH582Fv2_28", -109.08, -147.73, "T", "SMD", "USB_CHECK", "", "O", 31.5, 7.87, 0, 315],
		[57, "CH582Fv2_29", -19.99, -170.01, "T", "SMD", "GND", "GND", "R", 100, 100, 0, 315],
		[58, "D1_1", -115, -536.16, "T", "SMD", "$1N27507", "", "R", 39.37, 29.53, 0, 90],
		[59, "D1_2", -115, -443.83, "T", "SMD", "GND", "GND", "R", 39.37, 29.53, 0, 90],
		[60, "D2_1", 290, -443.83, "T", "SMD", "5V", "", "R", 39.37, 29.53, 0, 270],
		[61, "D2_2", 290, -536.16, "T", "SMD", "VBUS", "", "R", 39.37, 29.53, 0, 270],
		[62, "D3_1", -17.44, -614.25, "T", "SMD", "GND", "GND", "R", 8.82, 23.03, 0, 270],
		[63, "D3_2", -17.44, -630, "T", "SMD", "D3_2", "", "R", 8.82, 23.03, 0, 270],
		[64, "D3_3", -17.44, -645.75, "T", "SMD", "D3_3", "", "R", 8.82, 23.03, 0, 270],
		[65, "D3_4", 15.44, -645.75, "T", "SMD", "PB10/UD-", "", "R", 8.82, 23.03, 0, 270],
		[66, "D3_5", 15.44, -630, "T", "SMD", "PB11/UD+", "", "R", 8.82, 23.03, 0, 270],
		[67, "D3_6", 15.44, -614.25, "T", "SMD", "VBUS", "", "R", 8.82, 23.03, 0, 270],
		[68, "H1_1", -305, -20, "T", "DIP", "EXT_3V3", "", "C", 59.05, 59.05, 35.43, 270],
		[69, "H1_1", -305, -20, "B", "DIP", "EXT_3V3", "", "C", 59.05, 59.05, 35.43, 270],
		[70, "H1_2", -305, -120, "T", "DIP", "RXD0_INV", "", "C", 59.05, 59.05, 35.43, 270],
		[71, "H1_2", -305, -120, "B", "DIP", "RXD0_INV", "", "C", 59.05, 59.05, 35.43, 270],
		[72, "H1_3", -305, -220, "T", "DIP", "RTS", "", "C", 59.05, 59.05, 35.43, 270],
		[73, "H1_3", -305, -220, "B", "DIP", "RTS", "", "C", 59.05, 59.05, 35.43, 270],
		[74, "H1_4", -305, -320, "T", "DIP", "DCD", "", "C", 59.05, 59.05, 35.43, 270],
		[75, "H1_4", -305, -320, "B", "DIP", "DCD", "", "C", 59.05, 59.05, 35.43, 270],
		[76, "H1_5", -305, -420, "T", "DIP", "GND", "GND", "C", 59.05, 59.05, 35.43, 270],
		[77, "H1_5", -305, -420, "B", "DIP", "GND", "GND", "C", 59.05, 59.05, 35.43, 270],
		[78, "H1_6", -305, -520, "T", "DIP", "PB4/RXD0", "", "C", 59.05, 59.05, 35.43, 270],
		[79, "H1_6", -305, -520, "B", "DIP", "PB4/RXD0", "", "C", 59.05, 59.05, 35.43, 270],
		[80, "JP1_1", 275, -752.44, "T", "SMD", "$1N37309", "", "P", 39.37, 47.24, 0, 270],
		[81, "JP1_2", 274.95, -791.71, "T", "SMD", "GND", "GND", "P", 39.46, 47.04, 0, 270],
		[82, "L1_1", -111.54, -285, "T", "SMD", "VSW", "", "R", 35.43, 62.99, 0, 180],
		[83, "L1_2", -178.46, -285, "T", "SMD", "VDCIA", "", "R", 35.43, 62.99, 0, 180],
		[84, "LED_BLUE_1", 296.48, -210, "T", "SMD", "GND", "GND", "R", 31.5, 31.5, 0, 270],
		[85, "LED_BLUE_2", 233.52, -210, "T", "SMD", "$1N31393", "", "R", 31.5, 31.5, 0, 270],
		[86, "LED_GREEN_1", 260, -146.35, "T", "SMD", "$1N79464", "", "R", 39.37, 55.1, 0, 90],
		[87, "LED_GREEN_2", 260, -63.65, "T", "SMD", "GND", "GND", "R", 39.37, 55.1, 0, 90],
		[88, "LED_RED_1", 234.87, -263.52, "T", "SMD", "GND", "GND", "R", 31.5, 31.5, 0, 0],
		[89, "LED_RED_2", 235.13, -326.48, "T", "SMD", "$1N31375", "", "R", 31.5, 31.5, 0, 0],
		[90, "LED_YELLOW_1", 286.48, -389.87, "T", "SMD", "$1N79569", "", "R", 31.5, 31.5, 0, 270],
		[91, "LED_YELLOW_2", 223.52, -390.13, "T", "SMD", "$1N79565", "", "R", 31.5, 31.5, 0, 270],
		[92, "PA8/RXD1_1", -40.1, -321.95, "B", "SMD", "PA8/RXD1", "", "C", 50, 50, 0, 180],
		[93, "PB7/TXD0_1", 134.9, -201.95, "B", "SMD", "PB7/TXD0", "", "C", 50, 50, 0, 180],
		[94, "Q1_1", -242.4, -539.37, "T", "SMD", "$1N27507", "", "R", 49.21, 27.56, 0, 270],
		[95, "Q1_2", -167.6, -539.37, "T", "SMD", "GND", "GND", "R", 49.21, 27.56, 0, 270],
		[96, "Q1_3", -205, -460.63, "T", "SMD", "$1N27416", "", "R", 49.21, 27.56, 0, 270],
		[97, "Q2_1", 235.83, -532.41, "T", "SMD", "VBUS", "", "R", 39.37, 31.5, 0, 180],
		[98, "Q2_2", 235.83, -457.6, "T", "SMD", "5V", "", "R", 39.37, 31.5, 0, 180],
		[99, "Q2_3", 145.28, -495, "T", "SMD", "BAT+", "", "R", 39.37, 31.5, 0, 180],
		[100, "Q3_1", -247.4, -115.28, "T", "SMD", "VCC_CTL", "", "R", 39.37, 31.5, 0, 90],
		[101, "Q3_2", -172.6, -115.28, "T", "SMD", "VDD3V3", "", "R", 39.37, 31.5, 0, 90],
		[102, "Q3_3", -210, -24.72, "T", "SMD", "EXT_3V3", "", "R", 39.37, 31.5, 0, 90],
		[103, "R1_1", -60, -652.04, "T", "SMD", "USB_CC1", "", "R", 22.27, 21.26, 0, 90],
		[104, "R1_2", -60, -617.96, "T", "SMD", "GND", "GND", "R", 22.27, 21.26, 0, 90],
		[105, "R2_1", 65, -652.04, "T", "SMD", "USB_CC2", "", "R", 22.27, 21.26, 0, 90],
		[106, "R2_2", 65, -617.96, "T", "SMD", "GND", "GND", "R", 22.27, 21.26, 0, 90],
		[107, "R3_1", 142.96, -255, "T", "SMD", "PB12", "", "R", 22.27, 21.26, 0, 0],
		[108, "R3_2", 177.04, -255, "T", "SMD", "$1N31393", "", "R", 22.27, 21.26, 0, 0],
		[109, "R9_1", -205, -407.04, "T", "SMD", "$1N27416", "", "R", 22.27, 21.26, 0, 90],
		[110, "R9_2", -205, -372.96, "T", "SMD", "VDD3V3", "", "R", 22.27, 21.26, 0, 90],
		[111, "R10_1", -245, -407.04, "T", "SMD", "$1N27507", "", "R", 22.27, 21.26, 0, 90],
		[112, "R10_2", -245, -372.96, "T", "SMD", "RXD0_INV", "", "R", 22.27, 21.26, 0, 90],
		[113, "R11_1", -160, -372.96, "T", "SMD", "$1N27416", "", "R", 22.27, 21.26, 0, 270],
		[114, "R11_2", -160, -407.04, "T", "SMD", "PB4/RXD0", "", "R", 22.27, 21.26, 0, 270],
		[115, "R12_1", 120, -447.04, "T", "SMD", "$1N37316", "", "R", 22.27, 21.26, 0, 90],
		[116, "R12_2", 120, -412.96, "T", "SMD", "$1N92466", "", "R", 22.27, 21.26, 0, 90],
		[117, "R14_1", 180, -382.96, "T", "SMD", "VBUS", "", "R", 22.27, 21.26, 0, 270],
		[118, "R14_2", 180, -417.04, "T", "SMD", "$1N79565", "", "R", 22.27, 21.26, 0, 270],
		[119, "R15_1", 142.96, -295, "T", "SMD", "PB13", "", "R", 22.27, 21.26, 0, 0],
		[120, "R15_2", 177.04, -295, "T", "SMD", "$1N31375", "", "R", 22.27, 21.26, 0, 0],
		[121, "R16_1", -120, -647.04, "T", "SMD", "GND", "GND", "R", 22.27, 21.26, 0, 90],
		[122, "R16_2", -120, -612.96, "T", "SMD", "$1N32028", "", "R", 22.27, 21.26, 0, 90],
		[123, "R18_1", 142.96, -215, "T", "SMD", "PB23", "", "R", 22.27, 21.26, 0, 0],
		[124, "R18_2", 177.04, -215, "T", "SMD", "$1N79464", "", "R", 22.27, 21.26, 0, 0],
		[125, "R19_1", 102.96, -625, "T", "SMD", "VBUS", "", "R", 22.27, 21.26, 0, 0],
		[126, "R19_2", 137.04, -625, "T", "SMD", "GND", "GND", "R", 22.27, 21.26, 0, 0],
		[127, "R20_1", 127.96, -345, "T", "SMD", "USB_CHECK", "", "R", 22.27, 21.26, 0, 0],
		[128, "R20_2", 162.04, -345, "T", "SMD", "VBUS", "", "R", 22.27, 21.26, 0, 0],
		[129, "R21_1", 57.96, -345, "T", "SMD", "GND", "GND", "R", 22.27, 21.26, 0, 0],
		[130, "R21_2", 92.04, -345, "T", "SMD", "USB_CHECK", "", "R", 22.27, 21.26, 0, 0],
		[131, "R22_1", 300, -657.96, "T", "SMD", "BAT_CHECK", "", "R", 22.27, 21.26, 0, 270],
		[132, "R22_2", 300, -692.04, "T", "SMD", "BAT+", "", "R", 22.27, 21.26, 0, 270],
		[133, "R23_1", 300, -617.04, "T", "SMD", "GND", "GND", "R", 22.27, 21.26, 0, 90],
		[134, "R23_2", 300, -582.96, "T", "SMD", "BAT_CHECK", "", "R", 22.27, 21.26, 0, 90],
		[135, "R24_1", 80, -522.04, "T", "SMD", "$1N37309", "", "R", 22.27, 21.26, 0, 90],
		[136, "R24_2", 80, -487.96, "T", "SMD", "$1N37316", "", "R", 22.27, 21.26, 0, 90],
		[137, "R26_1", -167.96, -160, "T", "SMD", "VDD3V3", "", "R", 22.27, 21.26, 0, 180],
		[138, "R26_2", -202.04, -160, "T", "SMD", "VCC_CTL", "", "R", 22.27, 21.26, 0, 180],
		[139, "R27_1", 80, -412.96, "T", "SMD", "$1N92466", "", "R", 22.27, 21.26, 0, 270],
		[140, "R27_2", 80, -447.04, "T", "SMD", "GND", "GND", "R", 22.27, 21.26, 0, 270],
		[141, "SW1_1", -300, -755.63, "T", "SMD", "5V", "", "R", 44.59, 54.21, 0, 270],
		[142, "SW1_2", -300, -834.37, "T", "SMD", "$1N32028", "", "R", 44.59, 54.21, 0, 270],
		[143, "TXD1_1", 289.9, -306.63, "T", "SMD", "PA9/TXD1", "", "C", 50, 50, 0, 90],
		[144, "U5_1", -37.4, -515.42, "T", "SMD", "5V", "", "R", 19.29, 45.55, 0, 0],
		[145, "U5_2", 0, -515.42, "T", "SMD", "GND", "GND", "R", 19.29, 45.55, 0, 0],
		[146, "U5_3", 37.4, -515.42, "T", "SMD", "$1N32028", "", "R", 19.29, 45.55, 0, 0],
		[147, "U5_4", 37.4, -424.58, "T", "SMD", "U5_4", "", "R", 19.29, 46.26, 0, 0],
		[148, "U5_5", -37.4, -424.58, "T", "SMD", "VDD3V3", "", "R", 19.29, 46.26, 0, 0],
		[149, "U6_17", -221.49, -925.27, "T", "DIP", "GND", "GND", "O", 39.37, 80.71, 64.96, 0],
		[150, "U6_17", -221.49, -925.27, "B", "DIP", "GND", "GND", "O", 39.37, 80.71, 64.96, 0],
		[151, "U6_18", 217.49, -925.27, "T", "DIP", "GND", "GND", "O", 39.37, 80.71, 64.96, 0],
		[152, "U6_18", 217.49, -925.27, "B", "DIP", "GND", "GND", "O", 39.37, 80.71, 64.96, 0],
		[153, "U6_19", -221.49, -744.17, "T", "DIP", "GND", "GND", "O", 39.37, 80.71, 64.96, 0],
		[154, "U6_19", -221.49, -744.17, "B", "DIP", "GND", "GND", "O", 39.37, 80.71, 64.96, 0],
		[155, "U6_20", 217.49, -744.17, "T", "DIP", "GND", "GND", "O", 39.37, 80.71, 64.96, 0],
		[156, "U6_20", 217.49, -744.17, "B", "DIP", "GND", "GND", "O", 39.37, 80.71, 64.96, 0],
		[157, "U6_A1", -133.89, -694.73, "T", "SMD", "GND", "GND", "R", 11.81, 45.28, 0, 0],
		[158, "U6_A12", 129.89, -694.73, "T", "SMD", "GND", "GND", "R", 11.81, 45.28, 0, 0],
		[159, "U6_A4", -102.39, -694.73, "T", "SMD", "VBUS", "", "R", 11.81, 45.28, 0, 0],
		[160, "U6_A5", -51.21, -694.73, "T", "SMD", "USB_CC1", "", "R", 11.81, 45.28, 0, 0],
		[161, "U6_A6", -11.84, -694.73, "T", "SMD", "PB11/UD+", "", "R", 11.81, 45.28, 0, 0],
		[162, "U6_A7", 7.84, -694.73, "T", "SMD", "PB10/UD-", "", "R", 11.81, 45.28, 0, 0],
		[163, "U6_A8", 47.21, -694.73, "T", "SMD", "U6_A8", "", "R", 11.81, 45.28, 0, 0],
		[164, "U6_A9", 98.39, -694.73, "T", "SMD", "VBUS", "", "R", 11.81, 45.28, 0, 0],
		[165, "U6_B1", 118.08, -694.73, "T", "SMD", "GND", "GND", "R", 11.81, 45.28, 0, 0],
		[166, "U6_B12", -122.08, -694.73, "T", "SMD", "GND", "GND", "R", 11.81, 45.28, 0, 0],
		[167, "U6_B4", 86.58, -694.73, "T", "SMD", "VBUS", "", "R", 11.81, 45.28, 0, 0],
		[168, "U6_B5", 66.9, -694.73, "T", "SMD", "USB_CC2", "", "R", 11.81, 45.28, 0, 0],
		[169, "U6_B6", 27.53, -694.73, "T", "SMD", "PB11/UD+", "", "R", 11.81, 45.28, 0, 0],
		[170, "U6_B7", -31.53, -694.73, "T", "SMD", "PB10/UD-", "", "R", 11.81, 45.28, 0, 0],
		[171, "U6_B8", -70.9, -694.73, "T", "SMD", "U6_B8", "", "R", 11.81, 45.28, 0, 0],
		[172, "U6_B9", -90.58, -694.73, "T", "SMD", "VBUS", "", "R", 11.81, 45.28, 0, 0],
		[173, "U7_1", 182.6, -675.42, "T", "SMD", "$1N79569", "", "R", 19.29, 45.55, 0, 0],
		[174, "U7_2", 220, -675.42, "T", "SMD", "GND", "GND", "R", 19.29, 45.55, 0, 0],
		[175, "U7_3", 257.4, -675.42, "T", "SMD", "BAT+", "", "R", 19.29, 45.55, 0, 0],
		[176, "U7_4", 257.4, -584.58, "T", "SMD", "VBUS", "", "R", 19.29, 46.26, 0, 0],
		[177, "U7_5", 182.6, -584.58, "T", "SMD", "$1N37316", "", "R", 19.29, 46.26, 0, 0],
		[178, "X1_1", 141.38, -84.57, "T", "SMD", "X32MI", "", "R", 31.5, 39.37, 0, 0],
		[179, "X1_2", 141.38, -155.43, "T", "SMD", "GND", "GND", "R", 31.5, 39.37, 0, 0],
		[180, "X1_3", 188.62, -155.43, "T", "SMD", "X32MO", "", "R", 31.5, 39.37, 0, 0],
		[181, "X1_4", 188.62, -84.57, "T", "SMD", "GND", "GND", "R", 31.5, 39.37, 0, 0]
	]
}
}