{
"lengthUnit": "mil",
"remark": [],
"components": {
	"fields": ["COMPONENT_NO", "COMPONENT_NAME", "LAYER", "X_COORDINATE", "Y_COORDINATE", "ANGLE"],
	"rows": [
		[1, "ANT1", "T", -115, 75, 0],
		[2, "BAT-", "T", -305, -920, 0],
		[3, "BAT+", "T", 295, -920, 0],
		[4, "BOOT", "T", -241, -630, 0],
		[5, "C1", "T", -80, -350, 45],
		[6, "C2", "T", -110, -59, 0],
		[7, "C3", "T", 10, -365, 270],
		[8, "C4", "T", 75, -35, 180],
		[9, "C7", "T", -80, -430, 270],
		[10, "C8", "T", -185, -210, 0],
		[11, "C9", "T", 105, -570, 180],
		[12, "C10", "T", 280, -840, 0],
		[13, "C11", "T", -90, -515, 270],
		[14, "CH582Fv3", "T", -20, -170, 315],
		[15, "D2", "T", 290, -490, 270],
		[16, "D3", "T", -1, -630, 270],
		[17, "H1", "T", -305, -270, 270],
		[18, "JP1", "T", 275, -770, 270],
		[19, "L1", "T", -145, -285, 180],
		[20, "LED_BLUE", "T", 265, -210, 180],
		[21, "LED_GREEN", "T", 265, -125, 180],
		[22, "LED_RED", "T", 235, -295, 270],
		[23, "LED_YELLOW", "T", 255, -390, 180],
		[24, "PA8_RXD1", "B", -40.1, -321.95, 180],
		[25, "PB7_TXD0", "B", 134.9, -201.95, 180],
		[26, "Q1", "T", -170, -480, 270],
		[27, "Q2", "T", 190.552, -495.004, 0],
		[28, "R1", "T", -60, -635, 90],
		[29, "R2", "T", 65, -635, 90],
		[30, "R3", "T", 160, -255, 0],
		[31, "R9", "T", -170, -375, 90],
		[32, "R10", "T", -175, -145, 90],
		[33, "R12", "T", 120, -430, 90],
		[34, "R14", "T", 180, -400, 270],
		[35, "R15", "T", 160, -295, 0],
		[36, "R16", "T", -120, -630, 90],
		[37, "R18", "T", 160, -215, 0],
		[38, "R19", "T", 120, -625, 0],
		[39, "R20", "T", 145, -345, 0],
		[40, "R21", "T", 75, -345, 0],
		[41, "R22", "T", 300, -675, 270],
		[42, "R23", "T", 300, -600, 90],
		[43, "R24", "T", 80, -505, 90],
		[44, "R27", "T", 80, -430, 270],
		[45, "R28", "T", -215, -145, 270],
		[46, "R29", "T", -215, -410, 90],
		[47, "SW1", "T", -300, -795, 270],
		[48, "TXD1", "T", 289.9, -306.635, 90],
		[49, "U5", "T", 0, -470, 0],
		[50, "U6", "T", -2, -810, 0],
		[51, "U7", "T", 220, -630, 0],
		[52, "X1", "T", 165, -120, 270],
		[53, "PAD1", "T", -115, 75, 0],
		[54, "PAD2", "T", -135.6692, 75, 0],
		[55, "PAD3", "T", 235.828, -457.602, 0],
		[56, "PAD4", "T", 145.276, -495.002, 0],
		[57, "PAD5", "T", 235.828, -532.406, 0],
		[58, "PAD6", "T", 290, -536.165, 0],
		[59, "PAD7", "T", 290, -443.835, 0],
		[60, "PAD8", "T", -207.4, -519.37, 0],
		[61, "PAD9", "T", -132.6, -519.37, 0],
		[62, "PAD10", "T", -170, -440.63, 0],
		[63, "PAD11", "T", 77.44, -570, 0],
		[64, "PAD12", "T", 132.56, -570, 0],
		[65, "PAD13", "T", -90, -536.46, 0],
		[66, "PAD14", "T", -90, -493.54, 0],
		[67, "PAD15", "T", 137.04, -625, 0],
		[68, "PAD16", "T", 102.96, -625, 0],
		[69, "PAD17", "T", -17.44, -614.25, 0],
		[70, "PAD18", "T", 15.44, -645.75, 0],
		[71, "PAD19", "T", 15.44, -630, 0],
		[72, "PAD20", "T", 15.44, -614.25, 0],
		[73, "PAD21", "T", 300, -692.04, 0],
		[74, "PAD22", "T", 300, -657.96, 0],
		[75, "PAD23", "T", 300, -582.96, 0],
		[76, "PAD24", "T", 300, -617.04, 0],
		[77, "PAD25", "T", -305, -920, 0],
		[78, "PAD25", "B", -305, -920, 0],
		[79, "PAD26", "T", 295, -920, 0],
		[80, "PAD26", "B", 295, -920, 0],
		[81, "PAD27", "T", 289.9, -306.635, 0],
		[82, "PAD28", "B", -40.1, -321.95, 0],
		[83, "PAD29", "T", -316.79, -659.53, 0],
		[84, "PAD30", "T", -165.21, -659.53, 0],
		[85, "PAD31", "T", -165.21, -600.47, 0],
		[86, "PAD32", "B", 134.9, -201.95, 0],
		[87, "PAD33", "T", -305, -20, 0],
		[88, "PAD33", "B", -305, -20, 0],
		[89, "PAD34", "T", -305, -120, 0],
		[90, "PAD34", "B", -305, -120, 0],
		[91, "PAD35", "T", -305, -220, 0],
		[92, "PAD35", "B", -305, -220, 0],
		[93, "PAD36", "T", -305, -320, 0],
		[94, "PAD36", "B", -305, -320, 0],
		[95, "PAD37", "T", -305, -420, 0],
		[96, "PAD37", "B", -305, -420, 0],
		[97, "PAD38", "T", -305, -520, 0],
		[98, "PAD38", "B", -305, -520, 0],
		[99, "PAD39", "T", -170, -357.96, 0],
		[100, "PAD40", "T", -170, -392.04, 0],
		[101, "PAD41", "T", -175, -127.96, 0],
		[102, "PAD42", "T", -175, -162.04, 0],
		[103, "PAD43", "T", 307.56, -840, 0],
		[104, "PAD44", "T", 252.44, -840, 0],
		[105, "PAD45", "T", 275, -742.4409, 0],
		[106, "PAD46", "T", 274.9543, -781.7096, 0],
		[107, "PAD47", "T", -157.44, -210, 0],
		[108, "PAD48", "T", -212.56, -210, 0],
		[109, "PAD49", "T", -178.46, -285, 0],
		[110, "PAD50", "T", -111.54, -285, 0],
		[111, "PAD51", "T", 182.6, -675.42, 0],
		[112, "PAD52", "T", 220, -675.42, 0],
		[113, "PAD53", "T", 257.4, -675.42, 0],
		[114, "PAD54", "T", 257.4, -584.58, 0],
		[115, "PAD55", "T", 182.6, -584.58, 0],
		[116, "PAD56", "T", 162.04, -345, 0],
		[117, "PAD57", "T", 127.96, -345, 0],
		[118, "PAD58", "T", 92.04, -345, 0],
		[119, "PAD59", "T", 57.96, -345, 0],
		[120, "PAD60", "T", -88.54, -59, 0],
		[121, "PAD61", "T", -131.46, -59, 0],
		[122, "PAD62", "T", -60.5121, -330.5121, 0],
		[123, "PAD63", "T", -99.4879, -369.4879, 0],
		[124, "PAD64", "T", -300, -834.37, 0],
		[125, "PAD65", "T", -300, -755.63, 0],
		[126, "PAD66", "T", 233.525, -210, 0],
		[127, "PAD67", "T", 296.475, -210, 0],
		[128, "PAD68", "T", 47.44, -35, 0],
		[129, "PAD69", "T", 102.56, -35, 0],
		[130, "PAD70", "T", 141.38, -84.57, 0],
		[131, "PAD71", "T", 141.38, -155.43, 0],
		[132, "PAD72", "T", 188.62, -155.43, 0],
		[133, "PAD73", "T", 188.62, -84.57, 0],
		[134, "PAD74", "T", 129.89, -694.73, 0],
		[135, "PAD75", "T", -133.89, -694.73, 0],
		[136, "PAD76", "T", 118.08, -694.73, 0],
		[137, "PAD77", "T", -122.08, -694.73, 0],
		[138, "PAD78", "T", 98.39, -694.73, 0],
		[139, "PAD79", "T", -102.39, -694.73, 0],
		[140, "PAD80", "T", 86.58, -694.73, 0],
		[141, "PAD81", "T", -90.58, -694.73, 0],
		[142, "PAD82", "T", 66.9, -694.73, 0],
		[143, "PAD83", "T", 27.53, -694.73, 0],
		[144, "PAD84", "T", 7.84, -694.73, 0],
		[145, "PAD85", "T", -11.84, -694.73, 0],
		[146, "PAD86", "T", -31.53, -694.73, 0],
		[147, "PAD87", "T", -51.21, -694.73, 0],
		[148, "PAD88", "T", 217.49, -744.17, 0],
		[149, "PAD88", "B", 217.49, -744.17, 0],
		[150, "PAD89", "T", -221.49, -744.17, 0],
		[151, "PAD89", "B", -221.49, -744.17, 0],
		[152, "PAD90", "T", 217.49, -925.27, 0],
		[153, "PAD90", "B", 217.49, -925.27, 0],
		[154, "PAD91", "T", -221.49, -925.27, 0],
		[155, "PAD91", "B", -221.49, -925.27, 0],
		[156, "PAD92", "T", -120, -612.96, 0],
		[157, "PAD93", "T", -120, -647.04, 0],
		[158, "PAD94", "T", -60, -617.96, 0],
		[159, "PAD95", "T", -60, -652.04, 0],
		[160, "PAD96", "T", 10, -345, 0],
		[161, "PAD97", "T", 10, -385, 0],
		[162, "PAD98", "T", -80, -410, 0],
		[163, "PAD99", "T", -80, -450, 0],
		[164, "PAD100", "T", -75.7059, -225.6493, 0],
		[165, "PAD101", "T", -64.5407, -236.8145, 0],
		[166, "PAD102", "T", -53.4037, -247.9515, 0],
		[167, "PAD103", "T", -42.2739, -259.0813, 0],
		[168, "PAD104", "T", -86.8074, -214.5477, 0],
		[169, "PAD105", "T", 2.2739, -259.0813, 0],
		[170, "PAD106", "T", 13.4037, -247.9515, 0],
		[171, "PAD107", "T", 24.5407, -236.8145, 0],
		[172, "PAD108", "T", 35.6564, -225.6564, 0],
		[173, "PAD109", "T", 46.8074, -214.5477, 0],
		[174, "PAD110", "T", 57.9515, -203.4037, 0],
		[175, "PAD111", "T", 69.0813, -192.2739, 0],
		[176, "PAD112", "T", 69.0813, -147.7261, 0],
		[177, "PAD113", "T", 57.9515, -136.5963, 0],
		[178, "PAD114", "T", 46.8074, -125.4523, 0],
		[179, "PAD115", "T", 35.6776, -114.3224, 0],
		[180, "PAD116", "T", 24.5477, -103.1926, 0],
		[181, "PAD117", "T", 13.4037, -92.0485, 0],
		[182, "PAD118", "T", 2.2739, -80.9187, 0],
		[183, "PAD119", "T", -42.2739, -80.9187, 0],
		[184, "PAD120", "T", -64.5477, -103.1926, 0],
		[185, "PAD121", "T", -86.8074, -125.4523, 0],
		[186, "PAD122", "T", -109.0813, -147.7261, 0],
		[187, "PAD123", "T", -19.9929, -170.0071, 0],
		[188, "PAD124", "T", 120, -412.96, 0],
		[189, "PAD125", "T", 120, -447.04, 0],
		[190, "PAD126", "T", 80, -447.04, 0],
		[191, "PAD127", "T", 80, -412.96, 0],
		[192, "PAD128", "T", -37.4, -515.42, 0],
		[193, "PAD129", "T", 0, -515.42, 0],
		[194, "PAD130", "T", 37.4, -515.42, 0],
		[195, "PAD131", "T", -37.4, -424.58, 0],
		[196, "PAD132", "T", 65, -617.96, 0],
		[197, "PAD133", "T", 65, -652.04, 0],
		[198, "PAD134", "T", 235.005, -326.475, 0],
		[199, "PAD135", "T", 234.995, -263.525, 0],
		[200, "PAD136", "T", 223.525, -390.005, 0],
		[201, "PAD137", "T", 286.475, -389.995, 0],
		[202, "PAD138", "T", 177.04, -255, 0],
		[203, "PAD139", "T", 142.96, -255, 0],
		[204, "PAD140", "T", 180, -417.04, 0],
		[205, "PAD141", "T", 180, -382.96, 0],
		[206, "PAD142", "T", 177.04, -295, 0],
		[207, "PAD143", "T", 142.96, -295, 0],
		[208, "PAD144", "T", 177.04, -215, 0],
		[209, "PAD145", "T", 142.96, -215, 0],
		[210, "PAD146", "T", 80, -487.96, 0],
		[211, "PAD147", "T", 80, -522.04, 0],
		[212, "PAD148", "T", -215, -162.04, 0],
		[213, "PAD149", "T", -215, -127.96, 0],
		[214, "PAD150", "T", -215, -392.96, 0],
		[215, "PAD151", "T", -215, -427.04, 0],
		[216, "PAD152", "T", 290.587, -125, 0],
		[217, "PAD153", "T", 239.407, -125, 0]
	]
},
"pins": {
	"fields": ["PIN_NO", "PIN_NAME", "PIN_X", "PIN_Y", "LAYER", "PIN_TYPE", "NET_NAME", "NET_TYPE", "PAD_SHAPE", "PAD_SIZEX", "PAD_SIZEY", "HOLE_SIZE", "HOLE_LEN", "PAD_ANGLE"],
	"rows": [
		[1, "ANT1_0", -135.6692, 75, "T", "SMD", "GND", "GND", "R", 5.9, 5.9, 0, 0, 0],
		[2, "ANT1_1", -115, 75, "T", "SMD", "ANT", "", "R", 5.9, 5.9, 0, 0, 0],
		[3, "BAT-_1", -305, -920, "T", "DIP", "GND", "GND", "C", 60, 60, 36, 36, 0],
		[4, "BAT-_1", -305, -920, "B", "DIP", "GND", "GND", "C", 60, 60, 36, 36, 0],
		[5, "BAT+_1", 295, -920, "T", "DIP", "BAT+", "", "C", 60, 60, 36, 36, 0],
		[6, "BAT+_1", 295, -920, "B", "DIP", "BAT+", "", "C", 60, 60, 36, 36, 0],
		[7, "BOOT_1", -316.79, -659.53, "T", "SMD", "GND", "GND", "R", 49.213, 35.433, 0, 0, 0],
		[8, "BOOT_2", -165.21, -659.53, "T", "SMD", "GND", "GND", "R", 49.213, 35.433, 0, 0, 0],
		[9, "BOOT_3", -316.79, -600.47, "T", "SMD", "NET_1", "", "R", 49.213, 35.433, 0, 0, 0],
		[10, "BOOT_4", -165.21, -600.47, "T", "SMD", "PB22_BOOT", "", "R", 49.213, 35.433, 0, 0, 0],
		[11, "C1_1", -99.4879, -369.4879, "T", "SMD", "GND", "GND", "R", 31.496, 35.433, 0, 0, 45],
		[12, "C1_2", -60.5121, -330.5121, "T", "SMD", "VDD3V3", "", "R", 31.496, 35.433, 0, 0, 45],
		[13, "C2_1", -131.46, -59, "T", "SMD", "GND", "GND", "R", 31.106, 21.26, 0, 0, 0],
		[14, "C2_2", -88.54, -59, "T", "SMD", "VDCIA", "", "R", 31.106, 21.26, 0, 0, 0],
		[15, "C3_1", 10, -345, "T", "SMD", "GND", "GND", "R", 22, 22, 0, 0, 270],
		[16, "C3_2", 10, -385, "T", "SMD", "5V", "", "R", 22, 22, 0, 0, 270],
		[17, "C4_1", 102.56, -35, "T", "SMD", "GND", "GND", "R", 31.496, 35.433, 0, 0, 180],
		[18, "C4_2", 47.44, -35, "T", "SMD", "VINTA", "", "R", 31.496, 35.433, 0, 0, 180],
		[19, "C7_1", -80, -410, "T", "SMD", "GND", "GND", "R", 22, 22, 0, 0, 270],
		[20, "C7_2", -80, -450, "T", "SMD", "VDD3V3", "", "R", 22, 22, 0, 0, 270],
		[21, "C8_1", -212.56, -210, "T", "SMD", "GND", "GND", "R", 31.496, 35.433, 0, 0, 0],
		[22, "C8_2", -157.44, -210, "T", "SMD", "VDCIA", "", "R", 31.496, 35.433, 0, 0, 0],
		[23, "C9_1", 132.56, -570, "T", "SMD", "GND", "GND", "R", 31.496, 35.433, 0, 0, 180],
		[24, "C9_2", 77.44, -570, "T", "SMD", "VBUS", "", "R", 31.496, 35.433, 0, 0, 180],
		[25, "C10_1", 252.44, -840, "T", "SMD", "GND", "GND", "R", 31.496, 35.433, 0, 0, 0],
		[26, "C10_2", 307.56, -840, "T", "SMD", "BAT+", "", "R", 31.496, 35.433, 0, 0, 0],
		[27, "C11_1", -90, -493.54, "T", "SMD", "GND", "GND", "R", 31.106, 21.26, 0, 0, 270],
		[28, "C11_2", -90, -536.46, "T", "SMD", "PB22_BOOT", "", "R", 31.106, 21.26, 0, 0, 270],
		[29, "CH582Fv3_1", -109.0813, -192.2739, "T", "SMD", "NET_2", "", "O", 7.874, 31.4961, 0, 0, 315],
		[30, "CH582Fv3_2", -97.9515, -203.4037, "T", "SMD", "NET_3", "", "O", 7.874, 31.4961, 0, 0, 315],
		[31, "CH582Fv3_3", -86.8074, -214.5477, "T", "SMD", "VDCIA", "", "O", 7.874, 31.4961, 0, 0, 315],
		[32, "CH582Fv3_4", -75.7059, -225.6493, "T", "SMD", "VSW", "", "O", 7.874, 31.4961, 0, 0, 315],
		[33, "CH582Fv3_5", -64.5407, -236.8145, "T", "SMD", "VDD3V3", "", "O", 7.874, 31.4961, 0, 0, 315],
		[34, "CH582Fv3_6", -53.4037, -247.9515, "T", "SMD", "PA8_RXD1", "", "O", 7.874, 31.4961, 0, 0, 315],
		[35, "CH582Fv3_7", -42.2739, -259.0813, "T", "SMD", "PA9_TXD1", "", "O", 7.874, 31.4961, 0, 0, 315],
		[36, "CH582Fv3_8", 2.2739, -259.0813, "T", "SMD", "RTS", "", "O", 31.4961, 7.874, 0, 0, 315],
		[37, "CH582Fv3_9", 13.4037, -247.9515, "T", "SMD", "DCD", "", "O", 31.4961, 7.874, 0, 0, 315],
		[38, "CH582Fv3_10", 24.5407, -236.8145, "T", "SMD", "PB13", "", "O", 31.4961, 7.874, 0, 0, 315],
		[39, "CH582Fv3_11", 35.6564, -225.6564, "T", "SMD", "PB12", "", "O", 31.4961, 7.874, 0, 0, 315],
		[40, "CH582Fv3_12", 46.8074, -214.5477, "T", "SMD", "PB11_UD+", "", "O", 31.4961, 7.874, 0, 0, 315],
		[41, "CH582Fv3_13", 57.9515, -203.4037, "T", "SMD", "PB10_UD-", "", "O", 31.4961, 7.874, 0, 0, 315],
		[42, "CH582Fv3_14", 69.0813, -192.2739, "T", "SMD", "PB7_TXD0", "", "O", 31.4961, 7.874, 0, 0, 315],
		[43, "CH582Fv3_15", 69.0813, -147.7261, "T", "SMD", "PB4_RXD0", "", "O", 7.874, 31.4961, 0, 0, 315],
		[44, "CH582Fv3_16", 57.9515, -136.5963, "T", "SMD", "PB23", "", "O", 7.874, 31.4961, 0, 0, 315],
		[45, "CH582Fv3_17", 46.8074, -125.4523, "T", "SMD", "PB22_BOOT", "", "O", 7.874, 31.4961, 0, 0, 315],
		[46, "CH582Fv3_18", 35.6776, -114.3224, "T", "SMD", "X32MO", "", "O", 7.874, 31.4961, 0, 0, 315],
		[47, "CH582Fv3_19", 24.5477, -103.1926, "T", "SMD", "X32MI", "", "O", 7.874, 31.4961, 0, 0, 315],
		[48, "CH582Fv3_20", 13.4037, -92.0485, "T", "SMD", "VINTA", "", "O", 7.874, 31.4961, 0, 0, 315],
		[49, "CH582Fv3_21", 2.2739, -80.9187, "T", "SMD", "ANT", "", "O", 7.874, 31.4961, 0, 0, 315],
		[50, "CH582Fv3_22", -42.2739, -80.9187, "T", "SMD", "VDCIA", "", "O", 31.4961, 7.874, 0, 0, 315],
		[51, "CH582Fv3_23", -53.4037, -92.0485, "T", "SMD", "NET_4", "", "O", 31.4961, 7.874, 0, 0, 315],
		[52, "CH582Fv3_24", -64.5477, -103.1926, "T", "SMD", "BAT_CHECK", "", "O", 31.4961, 7.874, 0, 0, 315],
		[53, "CH582Fv3_25", -75.6705, -114.3295, "T", "SMD", "NET_5", "", "O", 31.4961, 7.874, 0, 0, 315],
		[54, "CH582Fv3_26", -86.8074, -125.4523, "T", "SMD", "EXT_3V3", "", "O", 31.4961, 7.874, 0, 0, 315],
		[55, "CH582Fv3_27", -97.9515, -136.5963, "T", "SMD", "NET_6", "", "O", 31.4961, 7.874, 0, 0, 315],
		[56, "CH582Fv3_28", -109.0813, -147.7261, "T", "SMD", "USB_CHECK", "", "O", 31.4961, 7.874, 0, 0, 315],
		[57, "CH582Fv3_29", -19.9929, -170.0071, "T", "SMD", "GND", "GND", "R", 100, 100, 0, 0, 315],
		[58, "D2_1", 290, -443.835, "T", "SMD", "5V", "", "R", 39.37, 29.528, 0, 0, 270],
		[59, "D2_2", 290, -536.165, "T", "SMD", "VBUS", "", "R", 39.37, 29.528, 0, 0, 270],
		[60, "D3_1", -17.44, -614.25, "T", "SMD", "GND", "GND", "R", 8.819, 23.031, 0, 0, 270],
		[61, "D3_2", -17.44, -630, "T", "SMD", "NET_7", "", "R", 8.819, 23.031, 0, 0, 270],
		[62, "D3_3", -17.44, -645.75, "T", "SMD", "NET_8", "", "R", 8.819, 23.031, 0, 0, 270],
		[63, "D3_4", 15.44, -645.75, "T", "SMD", "PB10_UD-", "", "R", 8.819, 23.031, 0, 0, 270],
		[64, "D3_5", 15.44, -630, "T", "SMD", "PB11_UD+", "", "R", 8.819, 23.031, 0, 0, 270],
		[65, "D3_6", 15.44, -614.25, "T", "SMD", "VBUS", "", "R", 8.819, 23.031, 0, 0, 270],
		[66, "H1_1", -305, -20, "T", "DIP", "EXT_3V3", "", "C", 59.055, 59.055, 35.434, 35.434, 270],
		[67, "H1_1", -305, -20, "B", "DIP", "EXT_3V3", "", "C", 59.055, 59.055, 35.434, 35.434, 270],
		[68, "H1_2", -305, -120, "T", "DIP", "RXD0_INV", "", "C", 59.055, 59.055, 35.434, 35.434, 270],
		[69, "H1_2", -305, -120, "B", "DIP", "RXD0_INV", "", "C", 59.055, 59.055, 35.434, 35.434, 270],
		[70, "H1_3", -305, -220, "T", "DIP", "RTS", "", "C", 59.055, 59.055, 35.434, 35.434, 270],
		[71, "H1_3", -305, -220, "B", "DIP", "RTS", "", "C", 59.055, 59.055, 35.434, 35.434, 270],
		[72, "H1_4", -305, -320, "T", "DIP", "DCD", "", "C", 59.055, 59.055, 35.434, 35.434, 270],
		[73, "H1_4", -305, -320, "B", "DIP", "DCD", "", "C", 59.055, 59.055, 35.434, 35.434, 270],
		[74, "H1_5", -305, -420, "T", "DIP", "GND", "GND", "C", 59.055, 59.055, 35.434, 35.434, 270],
		[75, "H1_5", -305, -420, "B", "DIP", "GND", "GND", "C", 59.055, 59.055, 35.434, 35.434, 270],
		[76, "H1_6", -305, -520, "T", "DIP", "PB4_RXD0", "", "C", 59.055, 59.055, 35.434, 35.434, 270],
		[77, "H1_6", -305, -520, "B", "DIP", "PB4_RXD0", "", "C", 59.055, 59.055, 35.434, 35.434, 270],
		[78, "JP1_1", 275, -742.4409, "T", "SMD", "$1N37309", "", "P", 39.3701, 47.2441, 0, 0, 270],
		[79, "JP1_2", 274.9543, -781.7096, "T", "SMD", "GND", "GND", "P", 39.4615, 47.0412, 0, 0, 270],
		[80, "L1_1", -111.54, -285, "T", "SMD", "VSW", "", "R", 35.433, 62.992, 0, 0, 180],
		[81, "L1_2", -178.46, -285, "T", "SMD", "VDCIA", "", "R", 35.433, 62.992, 0, 0, 180],
		[82, "LED_BLUE_1", 296.475, -210, "T", "SMD", "GND", "GND", "R", 31.496, 31.496, 0, 0, 270],
		[83, "LED_BLUE_2", 233.525, -210, "T", "SMD", "$1N31393", "", "R", 31.496, 31.496, 0, 0, 270],
		[84, "LED_GREEN_1", 290.587, -125, "T", "SMD", "GND", "GND", "R", 39.37, 31.496, 0, 0, 180],
		[85, "LED_GREEN_2", 239.407, -125, "T", "SMD", "$1N101374", "", "R", 35.433, 31.496, 0, 0, 180],
		[86, "LED_RED_1", 234.995, -263.525, "T", "SMD", "GND", "GND", "R", 31.496, 31.496, 0, 0, 0],
		[87, "LED_RED_2", 235.005, -326.475, "T", "SMD", "$1N31375", "", "R", 31.496, 31.496, 0, 0, 0],
		[88, "LED_YELLOW_1", 286.475, -389.995, "T", "SMD", "$1N79569", "", "R", 31.496, 31.496, 0, 0, 270],
		[89, "LED_YELLOW_2", 223.525, -390.005, "T", "SMD", "$1N79565", "", "R", 31.496, 31.496, 0, 0, 270],
		[90, "PA8_RXD1_1", -40.1, -321.95, "B", "SMD", "PA8_RXD1", "", "C", 50, 50, 0, 0, 180],
		[91, "PB7_TXD0_1", 134.9, -201.95, "B", "SMD", "PB7_TXD0", "", "C", 50, 50, 0, 0, 180],
		[92, "Q1_1", -207.4, -519.37, "T", "SMD", "$1N27507", "", "R", 49.213, 27.559, 0, 0, 270],
		[93, "Q1_2", -132.6, -519.37, "T", "SMD", "GND", "GND", "R", 49.213, 27.559, 0, 0, 270],
		[94, "Q1_3", -170, -440.63, "T", "SMD", "PB4_RXD0", "", "R", 49.213, 27.559, 0, 0, 270],
		[95, "Q2_1", 235.828, -532.406, "T", "SMD", "VBUS", "", "R", 39.37, 31.496, 0, 0, 180],
		[96, "Q2_2", 235.828, -457.602, "T", "SMD", "5V", "", "R", 39.37, 31.496, 0, 0, 180],
		[97, "Q2_3", 145.276, -495.002, "T", "SMD", "BAT+", "", "R", 39.37, 31.496, 0, 0, 180],
		[98, "R1_1", -60, -652.04, "T", "SMD", "USB_CC1", "", "R", 22.27, 21.26, 0, 0, 90],
		[99, "R1_2", -60, -617.96, "T", "SMD", "GND", "GND", "R", 22.27, 21.26, 0, 0, 90],
		[100, "R2_1", 65, -652.04, "T", "SMD", "USB_CC2", "", "R", 22.27, 21.26, 0, 0, 90],
		[101, "R2_2", 65, -617.96, "T", "SMD", "GND", "GND", "R", 22.27, 21.26, 0, 0, 90],
		[102, "R3_1", 142.96, -255, "T", "SMD", "PB12", "", "R", 22.27, 21.26, 0, 0, 0],
		[103, "R3_2", 177.04, -255, "T", "SMD", "$1N31393", "", "R", 22.27, 21.26, 0, 0, 0],
		[104, "R9_1", -170, -392.04, "T", "SMD", "PB4_RXD0", "", "R", 22.27, 21.26, 0, 0, 90],
		[105, "R9_2", -170, -357.96, "T", "SMD", "VDD3V3", "", "R", 22.27, 21.26, 0, 0, 90],
		[106, "R10_1", -175, -162.04, "T", "SMD", "$1N27507", "", "R", 22.27, 21.26, 0, 0, 90],
		[107, "R10_2", -175, -127.96, "T", "SMD", "$1N97816", "", "R", 22.27, 21.26, 0, 0, 90],
		[108, "R12_1", 120, -447.04, "T", "SMD", "$1N37316", "", "R", 22.27, 21.26, 0, 0, 90],
		[109, "R12_2", 120, -412.96, "T", "SMD", "$1N92466", "", "R", 22.27, 21.26, 0, 0, 90],
		[110, "R14_1", 180, -382.96, "T", "SMD", "VBUS", "", "R", 22.27, 21.26, 0, 0, 270],
		[111, "R14_2", 180, -417.04, "T", "SMD", "$1N79565", "", "R", 22.27, 21.26, 0, 0, 270],
		[112, "R15_1", 142.96, -295, "T", "SMD", "PB13", "", "R", 22.27, 21.26, 0, 0, 0],
		[113, "R15_2", 177.04, -295, "T", "SMD", "$1N31375", "", "R", 22.27, 21.26, 0, 0, 0],
		[114, "R16_1", -120, -647.04, "T", "SMD", "GND", "GND", "R", 22.27, 21.26, 0, 0, 90],
		[115, "R16_2", -120, -612.96, "T", "SMD", "$1N32028", "", "R", 22.27, 21.26, 0, 0, 90],
		[116, "R18_1", 142.96, -215, "T", "SMD", "PB23", "", "R", 22.27, 21.26, 0, 0, 0],
		[117, "R18_2", 177.04, -215, "T", "SMD", "$1N101374", "", "R", 22.27, 21.26, 0, 0, 0],
		[118, "R19_1", 102.96, -625, "T", "SMD", "VBUS", "", "R", 22.27, 21.26, 0, 0, 0],
		[119, "R19_2", 137.04, -625, "T", "SMD", "GND", "GND", "R", 22.27, 21.26, 0, 0, 0],
		[120, "R20_1", 127.96, -345, "T", "SMD", "USB_CHECK", "", "R", 22.27, 21.26, 0, 0, 0],
		[121, "R20_2", 162.04, -345, "T", "SMD", "VBUS", "", "R", 22.27, 21.26, 0, 0, 0],
		[122, "R21_1", 57.96, -345, "T", "SMD", "GND", "GND", "R", 22.27, 21.26, 0, 0, 0],
		[123, "R21_2", 92.04, -345, "T", "SMD", "USB_CHECK", "", "R", 22.27, 21.26, 0, 0, 0],
		[124, "R22_1", 300, -657.96, "T", "SMD", "BAT_CHECK", "", "R", 22.27, 21.26, 0, 0, 270],
		[125, "R22_2", 300, -692.04, "T", "SMD", "BAT+", "", "R", 22.27, 21.26, 0, 0, 270],
		[126, "R23_1", 300, -617.04, "T", "SMD", "GND", "GND", "R", 22.27, 21.26, 0, 0, 90],
		[127, "R23_2", 300, -582.96, "T", "SMD", "BAT_CHECK", "", "R", 22.27, 21.26, 0, 0, 90],
		[128, "R24_1", 80, -522.04, "T", "SMD", "$1N37309", "", "R", 22.27, 21.26, 0, 0, 90],
		[129, "R24_2", 80, -487.96, "T", "SMD", "$1N37316", "", "R", 22.27, 21.26, 0, 0, 90],
		[130, "R27_1", 80, -412.96, "T", "SMD", "$1N92466", "", "R", 22.27, 21.26, 0, 0, 270],
		[131, "R27_2", 80, -447.04, "T", "SMD", "GND", "GND", "R", 22.27, 21.26, 0, 0, 270],
		[132, "R28_1", -215, -127.96, "T", "SMD", "$1N97816", "", "R", 22.27, 21.26, 0, 0, 270],
		[133, "R28_2", -215, -162.04, "T", "SMD", "RXD0_INV", "", "R", 22.27, 21.26, 0, 0, 270],
		[134, "R29_1", -215, -427.04, "T", "SMD", "$1N27507", "", "R", 22.27, 21.26, 0, 0, 90],
		[135, "R29_2", -215, -392.96, "T", "SMD", "GND", "GND", "R", 22.27, 21.26, 0, 0, 90],
		[136, "SW1_1", -300, -755.63, "T", "SMD", "5V", "", "R", 44.588, 54.213, 0, 0, 270],
		[137, "SW1_2", -300, -834.37, "T", "SMD", "$1N32028", "", "R", 44.588, 54.213, 0, 0, 270],
		[138, "TXD1_1", 289.9, -306.635, "T", "SMD", "PA9_TXD1", "", "C", 50, 50, 0, 0, 90],
		[139, "U5_1", -37.4, -515.42, "T", "SMD", "5V", "", "R", 19.291, 45.551, 0, 0, 0],
		[140, "U5_2", 0, -515.42, "T", "SMD", "GND", "GND", "R", 19.291, 45.551, 0, 0, 0],
		[141, "U5_3", 37.4, -515.42, "T", "SMD", "$1N32028", "", "R", 19.291, 45.551, 0, 0, 0],
		[142, "U5_4", 37.4, -424.58, "T", "SMD", "NET_9", "", "R", 19.291, 46.26, 0, 0, 0],
		[143, "U5_5", -37.4, -424.58, "T", "SMD", "VDD3V3", "", "R", 19.291, 46.26, 0, 0, 0],
		[144, "U6_17", -221.49, -925.27, "T", "DIP", "GND", "GND", "O", 39.37, 80.709, 23.622, 64.96, 0],
		[145, "U6_17", -221.49, -925.27, "B", "DIP", "GND", "GND", "O", 39.37, 80.709, 23.622, 64.96, 0],
		[146, "U6_18", 217.49, -925.27, "T", "DIP", "GND", "GND", "O", 39.37, 80.709, 23.622, 64.96, 0],
		[147, "U6_18", 217.49, -925.27, "B", "DIP", "GND", "GND", "O", 39.37, 80.709, 23.622, 64.96, 0],
		[148, "U6_19", -221.49, -744.17, "T", "DIP", "GND", "GND", "O", 39.37, 80.709, 23.622, 64.96, 0],
		[149, "U6_19", -221.49, -744.17, "B", "DIP", "GND", "GND", "O", 39.37, 80.709, 23.622, 64.96, 0],
		[150, "U6_20", 217.49, -744.17, "T", "DIP", "GND", "GND", "O", 39.37, 80.709, 23.622, 64.96, 0],
		[151, "U6_20", 217.49, -744.17, "B", "DIP", "GND", "GND", "O", 39.37, 80.709, 23.622, 64.96, 0],
		[152, "U6_A1", -133.89, -694.73, "T", "SMD", "GND", "GND", "R", 11.811, 45.276, 0, 0, 0],
		[153, "U6_A12", 129.89, -694.73, "T", "SMD", "GND", "GND", "R", 11.811, 45.276, 0, 0, 0],
		[154, "U6_A4", -102.39, -694.73, "T", "SMD", "VBUS", "", "R", 11.811, 45.276, 0, 0, 0],
		[155, "U6_A5", -51.21, -694.73, "T", "SMD", "USB_CC1", "", "R", 11.811, 45.276, 0, 0, 0],
		[156, "U6_A6", -11.84, -694.73, "T", "SMD", "PB11_UD+", "", "R", 11.811, 45.276, 0, 0, 0],
		[157, "U6_A7", 7.84, -694.73, "T", "SMD", "PB10_UD-", "", "R", 11.811, 45.276, 0, 0, 0],
		[158, "U6_A8", 47.21, -694.73, "T", "SMD", "NET_10", "", "R", 11.811, 45.276, 0, 0, 0],
		[159, "U6_A9", 98.39, -694.73, "T", "SMD", "VBUS", "", "R", 11.811, 45.276, 0, 0, 0],
		[160, "U6_B1", 118.08, -694.73, "T", "SMD", "GND", "GND", "R", 11.811, 45.276, 0, 0, 0],
		[161, "U6_B12", -122.08, -694.73, "T", "SMD", "GND", "GND", "R", 11.811, 45.276, 0, 0, 0],
		[162, "U6_B4", 86.58, -694.73, "T", "SMD", "VBUS", "", "R", 11.811, 45.276, 0, 0, 0],
		[163, "U6_B5", 66.9, -694.73, "T", "SMD", "USB_CC2", "", "R", 11.811, 45.276, 0, 0, 0],
		[164, "U6_B6", 27.53, -694.73, "T", "SMD", "PB11_UD+", "", "R", 11.811, 45.276, 0, 0, 0],
		[165, "U6_B7", -31.53, -694.73, "T", "SMD", "PB10_UD-", "", "R", 11.811, 45.276, 0, 0, 0],
		[166, "U6_B8", -70.9, -694.73, "T", "SMD", "NET_11", "", "R", 11.811, 45.276, 0, 0, 0],
		[167, "U6_B9", -90.58, -694.73, "T", "SMD", "VBUS", "", "R", 11.811, 45.276, 0, 0, 0],
		[168, "U7_1", 182.6, -675.42, "T", "SMD", "$1N79569", "", "R", 19.291, 45.551, 0, 0, 0],
		[169, "U7_2", 220, -675.42, "T", "SMD", "GND", "GND", "R", 19.291, 45.551, 0, 0, 0],
		[170, "U7_3", 257.4, -675.42, "T", "SMD", "BAT+", "", "R", 19.291, 45.551, 0, 0, 0],
		[171, "U7_4", 257.4, -584.58, "T", "SMD", "VBUS", "", "R", 19.291, 46.26, 0, 0, 0],
		[172, "U7_5", 182.6, -584.58, "T", "SMD", "$1N37316", "", "R", 19.291, 46.26, 0, 0, 0],
		[173, "X1_1", 141.38, -84.57, "T", "SMD", "X32MI", "", "R", 31.496, 39.37, 0, 0, 0],
		[174, "X1_2", 141.38, -155.43, "T", "SMD", "GND", "GND", "R", 31.496, 39.37, 0, 0, 0],
		[175, "X1_3", 188.62, -155.43, "T", "SMD", "X32MO", "", "R", 31.496, 39.37, 0, 0, 0],
		[176, "X1_4", 188.62, -84.57, "T", "SMD", "GND", "GND", "R", 31.496, 39.37, 0, 0, 0],
		[177, "PAD1_1", -115, 75, "T", "SMD", "ANT", "", "R", 5.9, 5.9, 0, 0, 0],
		[178, "PAD2_0", -135.6692, 75, "T", "SMD", "GND", "GND", "R", 5.9, 5.9, 0, 0, 0],
		[179, "PAD3_2", 235.828, -457.602, "T", "SMD", "5V", "", "R", 39.37, 31.496, 0, 0, 180],
		[180, "PAD4_3", 145.276, -495.002, "T", "SMD", "BAT+", "", "R", 39.37, 31.496, 0, 0, 180],
		[181, "PAD5_1", 235.828, -532.406, "T", "SMD", "VBUS", "", "R", 39.37, 31.496, 0, 0, 180],
		[182, "PAD6_2", 290, -536.165, "T", "SMD", "VBUS", "", "R", 39.37, 29.528, 0, 0, 270],
		[183, "PAD7_1", 290, -443.835, "T", "SMD", "5V", "", "R", 39.37, 29.528, 0, 0, 270],
		[184, "PAD8_1", -207.4, -519.37, "T", "SMD", "$1N27507", "", "R", 49.213, 27.559, 0, 0, 270],
		[185, "PAD9_2", -132.6, -519.37, "T", "SMD", "GND", "GND", "R", 49.213, 27.559, 0, 0, 270],
		[186, "PAD10_3", -170, -440.63, "T", "SMD", "PB4_RXD0", "", "R", 49.213, 27.559, 0, 0, 270],
		[187, "PAD11_2", 77.44, -570, "T", "SMD", "VBUS", "", "R", 31.496, 35.433, 0, 0, 180],
		[188, "PAD12_1", 132.56, -570, "T", "SMD", "GND", "GND", "R", 31.496, 35.433, 0, 0, 180],
		[189, "PAD13_2", -90, -536.46, "T", "SMD", "PB22_BOOT", "", "R", 31.106, 21.26, 0, 0, 270],
		[190, "PAD14_1", -90, -493.54, "T", "SMD", "GND", "GND", "R", 31.106, 21.26, 0, 0, 270],
		[191, "PAD15_2", 137.04, -625, "T", "SMD", "GND", "GND", "R", 22.27, 21.26, 0, 0, 0],
		[192, "PAD16_1", 102.96, -625, "T", "SMD", "VBUS", "", "R", 22.27, 21.26, 0, 0, 0],
		[193, "PAD17_1", -17.44, -614.25, "T", "SMD", "GND", "GND", "R", 8.819, 23.031, 0, 0, 270],
		[194, "PAD18_4", 15.44, -645.75, "T", "SMD", "PB10_UD-", "", "R", 8.819, 23.031, 0, 0, 270],
		[195, "PAD19_5", 15.44, -630, "T", "SMD", "PB11_UD+", "", "R", 8.819, 23.031, 0, 0, 270],
		[196, "PAD20_6", 15.44, -614.25, "T", "SMD", "VBUS", "", "R", 8.819, 23.031, 0, 0, 270],
		[197, "PAD21_2", 300, -692.04, "T", "SMD", "BAT+", "", "R", 22.27, 21.26, 0, 0, 270],
		[198, "PAD22_1", 300, -657.96, "T", "SMD", "BAT_CHECK", "", "R", 22.27, 21.26, 0, 0, 270],
		[199, "PAD23_2", 300, -582.96, "T", "SMD", "BAT_CHECK", "", "R", 22.27, 21.26, 0, 0, 90],
		[200, "PAD24_1", 300, -617.04, "T", "SMD", "GND", "GND", "R", 22.27, 21.26, 0, 0, 90],
		[201, "PAD25_1", -305, -920, "T", "DIP", "GND", "GND", "C", 60, 60, 36, 36, 0],
		[202, "PAD25_1", -305, -920, "B", "DIP", "GND", "GND", "C", 60, 60, 36, 36, 0],
		[203, "PAD26_1", 295, -920, "T", "DIP", "BAT+", "", "C", 60, 60, 36, 36, 0],
		[204, "PAD26_1", 295, -920, "B", "DIP", "BAT+", "", "C", 60, 60, 36, 36, 0],
		[205, "PAD27_1", 289.9, -306.635, "T", "SMD", "PA9_TXD1", "", "C", 50, 50, 0, 0, 90],
		[206, "PAD28_1", -40.1, -321.95, "B", "SMD", "PA8_RXD1", "", "C", 50, 50, 0, 0, 180],
		[207, "PAD29_1", -316.79, -659.53, "T", "SMD", "GND", "GND", "R", 49.213, 35.433, 0, 0, 0],
		[208, "PAD30_2", -165.21, -659.53, "T", "SMD", "GND", "GND", "R", 49.213, 35.433, 0, 0, 0],
		[209, "PAD31_4", -165.21, -600.47, "T", "SMD", "PB22_BOOT", "", "R", 49.213, 35.433, 0, 0, 0],
		[210, "PAD32_1", 134.9, -201.95, "B", "SMD", "PB7_TXD0", "", "C", 50, 50, 0, 0, 180],
		[211, "PAD33_1", -305, -20, "T", "DIP", "EXT_3V3", "", "C", 59.055, 59.055, 35.434, 35.434, 270],
		[212, "PAD33_1", -305, -20, "B", "DIP", "EXT_3V3", "", "C", 59.055, 59.055, 35.434, 35.434, 270],
		[213, "PAD34_2", -305, -120, "T", "DIP", "RXD0_INV", "", "C", 59.055, 59.055, 35.434, 35.434, 270],
		[214, "PAD34_2", -305, -120, "B", "DIP", "RXD0_INV", "", "C", 59.055, 59.055, 35.434, 35.434, 270],
		[215, "PAD35_3", -305, -220, "T", "DIP", "RTS", "", "C", 59.055, 59.055, 35.434, 35.434, 270],
		[216, "PAD35_3", -305, -220, "B", "DIP", "RTS", "", "C", 59.055, 59.055, 35.434, 35.434, 270],
		[217, "PAD36_4", -305, -320, "T", "DIP", "DCD", "", "C", 59.055, 59.055, 35.434, 35.434, 270],
		[218, "PAD36_4", -305, -320, "B", "DIP", "DCD", "", "C", 59.055, 59.055, 35.434, 35.434, 270],
		[219, "PAD37_5", -305, -420, "T", "DIP", "GND", "GND", "C", 59.055, 59.055, 35.434, 35.434, 270],
		[220, "PAD37_5", -305, -420, "B", "DIP", "GND", "GND", "C", 59.055, 59.055, 35.434, 35.434, 270],
		[221, "PAD38_6", -305, -520, "T", "DIP", "PB4_RXD0", "", "C", 59.055, 59.055, 35.434, 35.434, 270],
		[222, "PAD38_6", -305, -520, "B", "DIP", "PB4_RXD0", "", "C", 59.055, 59.055, 35.434, 35.434, 270],
		[223, "PAD39_2", -170, -357.96, "T", "SMD", "VDD3V3", "", "R", 22.27, 21.26, 0, 0, 90],
		[224, "PAD40_1", -170, -392.04, "T", "SMD", "PB4_RXD0", "", "R", 22.27, 21.26, 0, 0, 90],
		[225, "PAD41_2", -175, -127.96, "T", "SMD", "$1N97816", "", "R", 22.27, 21.26, 0, 0, 90],
		[226, "PAD42_1", -175, -162.04, "T", "SMD", "$1N27507", "", "R", 22.27, 21.26, 0, 0, 90],
		[227, "PAD43_2", 307.56, -840, "T", "SMD", "BAT+", "", "R", 31.496, 35.433, 0, 0, 0],
		[228, "PAD44_1", 252.44, -840, "T", "SMD", "GND", "GND", "R", 31.496, 35.433, 0, 0, 0],
		[229, "PAD45_1", 275, -742.4409, "T", "SMD", "$1N37309", "", "P", 39.3701, 47.2441, 0, 0, 270],
		[230, "PAD46_2", 274.9543, -781.7096, "T", "SMD", "GND", "GND", "P", 39.4615, 47.0412, 0, 0, 270],
		[231, "PAD47_2", -157.44, -210, "T", "SMD", "VDCIA", "", "R", 31.496, 35.433, 0, 0, 0],
		[232, "PAD48_1", -212.56, -210, "T", "SMD", "GND", "GND", "R", 31.496, 35.433, 0, 0, 0],
		[233, "PAD49_2", -178.46, -285, "T", "SMD", "VDCIA", "", "R", 35.433, 62.992, 0, 0, 180],
		[234, "PAD50_1", -111.54, -285, "T", "SMD", "VSW", "", "R", 35.433, 62.992, 0, 0, 180],
		[235, "PAD51_1", 182.6, -675.42, "T", "SMD", "$1N79569", "", "R", 19.291, 45.551, 0, 0, 0],
		[236, "PAD52_2", 220, -675.42, "T", "SMD", "GND", "GND", "R", 19.291, 45.551, 0, 0, 0],
		[237, "PAD53_3", 257.4, -675.42, "T", "SMD", "BAT+", "", "R", 19.291, 45.551, 0, 0, 0],
		[238, "PAD54_4", 257.4, -584.58, "T", "SMD", "VBUS", "", "R", 19.291, 46.26, 0, 0, 0],
		[239, "PAD55_5", 182.6, -584.58, "T", "SMD", "$1N37316", "", "R", 19.291, 46.26, 0, 0, 0],
		[240, "PAD56_2", 162.04, -345, "T", "SMD", "VBUS", "", "R", 22.27, 21.26, 0, 0, 0],
		[241, "PAD57_1", 127.96, -345, "T", "SMD", "USB_CHECK", "", "R", 22.27, 21.26, 0, 0, 0],
		[242, "PAD58_2", 92.04, -345, "T", "SMD", "USB_CHECK", "", "R", 22.27, 21.26, 0, 0, 0],
		[243, "PAD59_1", 57.96, -345, "T", "SMD", "GND", "GND", "R", 22.27, 21.26, 0, 0, 0],
		[244, "PAD60_2", -88.54, -59, "T", "SMD", "VDCIA", "", "R", 31.106, 21.26, 0, 0, 0],
		[245, "PAD61_1", -131.46, -59, "T", "SMD", "GND", "GND", "R", 31.106, 21.26, 0, 0, 0],
		[246, "PAD62_2", -60.5121, -330.5121, "T", "SMD", "VDD3V3", "", "R", 31.496, 35.433, 0, 0, 45],
		[247, "PAD63_1", -99.4879, -369.4879, "T", "SMD", "GND", "GND", "R", 31.496, 35.433, 0, 0, 45],
		[248, "PAD64_2", -300, -834.37, "T", "SMD", "$1N32028", "", "R", 44.588, 54.213, 0, 0, 270],
		[249, "PAD65_1", -300, -755.63, "T", "SMD", "5V", "", "R", 44.588, 54.213, 0, 0, 270],
		[250, "PAD66_2", 233.525, -210, "T", "SMD", "$1N31393", "", "R", 31.496, 31.496, 0, 0, 270],
		[251, "PAD67_1", 296.475, -210, "T", "SMD", "GND", "GND", "R", 31.496, 31.496, 0, 0, 270],
		[252, "PAD68_2", 47.44, -35, "T", "SMD", "VINTA", "", "R", 31.496, 35.433, 0, 0, 180],
		[253, "PAD69_1", 102.56, -35, "T", "SMD", "GND", "GND", "R", 31.496, 35.433, 0, 0, 180],
		[254, "PAD70_1", 141.38, -84.57, "T", "SMD", "X32MI", "", "R", 31.496, 39.37, 0, 0, 0],
		[255, "PAD71_2", 141.38, -155.43, "T", "SMD", "GND", "GND", "R", 31.496, 39.37, 0, 0, 0],
		[256, "PAD72_3", 188.62, -155.43, "T", "SMD", "X32MO", "", "R", 31.496, 39.37, 0, 0, 0],
		[257, "PAD73_4", 188.62, -84.57, "T", "SMD", "GND", "GND", "R", 31.496, 39.37, 0, 0, 0],
		[258, "PAD74_A12", 129.89, -694.73, "T", "SMD", "GND", "GND", "R", 11.811, 45.276, 0, 0, 0],
		[259, "PAD75_A1", -133.89, -694.73, "T", "SMD", "GND", "GND", "R", 11.811, 45.276, 0, 0, 0],
		[260, "PAD76_B1", 118.08, -694.73, "T", "SMD", "GND", "GND", "R", 11.811, 45.276, 0, 0, 0],
		[261, "PAD77_B12", -122.08, -694.73, "T", "SMD", "GND", "GND", "R", 11.811, 45.276, 0, 0, 0],
		[262, "PAD78_A9", 98.39, -694.73, "T", "SMD", "VBUS", "", "R", 11.811, 45.276, 0, 0, 0],
		[263, "PAD79_A4", -102.39, -694.73, "T", "SMD", "VBUS", "", "R", 11.811, 45.276, 0, 0, 0],
		[264, "PAD80_B4", 86.58, -694.73, "T", "SMD", "VBUS", "", "R", 11.811, 45.276, 0, 0, 0],
		[265, "PAD81_B9", -90.58, -694.73, "T", "SMD", "VBUS", "", "R", 11.811, 45.276, 0, 0, 0],
		[266, "PAD82_B5", 66.9, -694.73, "T", "SMD", "USB_CC2", "", "R", 11.811, 45.276, 0, 0, 0],
		[267, "PAD83_B6", 27.53, -694.73, "T", "SMD", "PB11_UD+", "", "R", 11.811, 45.276, 0, 0, 0],
		[268, "PAD84_A7", 7.84, -694.73, "T", "SMD", "PB10_UD-", "", "R", 11.811, 45.276, 0, 0, 0],
		[269, "PAD85_A6", -11.84, -694.73, "T", "SMD", "PB11_UD+", "", "R", 11.811, 45.276, 0, 0, 0],
		[270, "PAD86_B7", -31.53, -694.73, "T", "SMD", "PB10_UD-", "", "R", 11.811, 45.276, 0, 0, 0],
		[271, "PAD87_A5", -51.21, -694.73, "T", "SMD", "USB_CC1", "", "R", 11.811, 45.276, 0, 0, 0],
		[272, "PAD88_20", 217.49, -744.17, "T", "DIP", "GND", "GND", "O", 39.37, 80.709, 23.622, 64.96, 0],
		[273, "PAD88_20", 217.49, -744.17, "B", "DIP", "GND", "GND", "O", 39.37, 80.709, 23.622, 64.96, 0],
		[274, "PAD89_19", -221.49, -744.17, "T", "DIP", "GND", "GND", "O", 39.37, 80.709, 23.622, 64.96, 0],
		[275, "PAD89_19", -221.49, -744.17, "B", "DIP", "GND", "GND", "O", 39.37, 80.709, 23.622, 64.96, 0],
		[276, "PAD90_18", 217.49, -925.27, "T", "DIP", "GND", "GND", "O", 39.37, 80.709, 23.622, 64.96, 0],
		[277, "PAD90_18", 217.49, -925.27, "B", "DIP", "GND", "GND", "O", 39.37, 80.709, 23.622, 64.96, 0],
		[278, "PAD91_17", -221.49, -925.27, "T", "DIP", "GND", "GND", "O", 39.37, 80.709, 23.622, 64.96, 0],
		[279, "PAD91_17", -221.49, -925.27, "B", "DIP", "GND", "GND", "O", 39.37, 80.709, 23.622, 64.96, 0],
		[280, "PAD92_2", -120, -612.96, "T", "SMD", "$1N32028", "", "R", 22.27, 21.26, 0, 0, 90],
		[281, "PAD93_1", -120, -647.04, "T", "SMD", "GND", "GND", "R", 22.27, 21.26, 0, 0, 90],
		[282, "PAD94_2", -60, -617.96, "T", "SMD", "GND", "GND", "R", 22.27, 21.26, 0, 0, 90],
		[283, "PAD95_1", -60, -652.04, "T", "SMD", "USB_CC1", "", "R", 22.27, 21.26, 0, 0, 90],
		[284, "PAD96_1", 10, -345, "T", "SMD", "GND", "GND", "R", 22, 22, 0, 0, 270],
		[285, "PAD97_2", 10, -385, "T", "SMD", "5V", "", "R", 22, 22, 0, 0, 270],
		[286, "PAD98_1", -80, -410, "T", "SMD", "GND", "GND", "R", 22, 22, 0, 0, 270],
		[287, "PAD99_2", -80, -450, "T", "SMD", "VDD3V3", "", "R", 22, 22, 0, 0, 270],
		[288, "PAD100_4", -75.7059, -225.6493, "T", "SMD", "VSW", "", "O", 7.874, 31.4961, 0, 0, 315],
		[289, "PAD101_5", -64.5407, -236.8145, "T", "SMD", "VDD3V3", "", "O", 7.874, 31.4961, 0, 0, 315],
		[290, "PAD102_6", -53.4037, -247.9515, "T", "SMD", "PA8_RXD1", "", "O", 7.874, 31.4961, 0, 0, 315],
		[291, "PAD103_7", -42.2739, -259.0813, "T", "SMD", "PA9_TXD1", "", "O", 7.874, 31.4961, 0, 0, 315],
		[292, "PAD104_3", -86.8074, -214.5477, "T", "SMD", "VDCIA", "", "O", 7.874, 31.4961, 0, 0, 315],
		[293, "PAD105_8", 2.2739, -259.0813, "T", "SMD", "RTS", "", "O", 31.4961, 7.874, 0, 0, 315],
		[294, "PAD106_9", 13.4037, -247.9515, "T", "SMD", "DCD", "", "O", 31.4961, 7.874, 0, 0, 315],
		[295, "PAD107_10", 24.5407, -236.8145, "T", "SMD", "PB13", "", "O", 31.4961, 7.874, 0, 0, 315],
		[296, "PAD108_11", 35.6564, -225.6564, "T", "SMD", "PB12", "", "O", 31.4961, 7.874, 0, 0, 315],
		[297, "PAD109_12", 46.8074, -214.5477, "T", "SMD", "PB11_UD+", "", "O", 31.4961, 7.874, 0, 0, 315],
		[298, "PAD110_13", 57.9515, -203.4037, "T", "SMD", "PB10_UD-", "", "O", 31.4961, 7.874, 0, 0, 315],
		[299, "PAD111_14", 69.0813, -192.2739, "T", "SMD", "PB7_TXD0", "", "O", 31.4961, 7.874, 0, 0, 315],
		[300, "PAD112_15", 69.0813, -147.7261, "T", "SMD", "PB4_RXD0", "", "O", 7.874, 31.4961, 0, 0, 315],
		[301, "PAD113_16", 57.9515, -136.5963, "T", "SMD", "PB23", "", "O", 7.874, 31.4961, 0, 0, 315],
		[302, "PAD114_17", 46.8074, -125.4523, "T", "SMD", "PB22_BOOT", "", "O", 7.874, 31.4961, 0, 0, 315],
		[303, "PAD115_18", 35.6776, -114.3224, "T", "SMD", "X32MO", "", "O", 7.874, 31.4961, 0, 0, 315],
		[304, "PAD116_19", 24.5477, -103.1926, "T", "SMD", "X32MI", "", "O", 7.874, 31.4961, 0, 0, 315],
		[305, "PAD117_20", 13.4037, -92.0485, "T", "SMD", "VINTA", "", "O", 7.874, 31.4961, 0, 0, 315],
		[306, "PAD118_21", 2.2739, -80.9187, "T", "SMD", "ANT", "", "O", 7.874, 31.4961, 0, 0, 315],
		[307, "PAD119_22", -42.2739, -80.9187, "T", "SMD", "VDCIA", "", "O", 31.4961, 7.874, 0, 0, 315],
		[308, "PAD120_24", -64.5477, -103.1926, "T", "SMD", "BAT_CHECK", "", "O", 31.4961, 7.874, 0, 0, 315],
		[309, "PAD121_26", -86.8074, -125.4523, "T", "SMD", "EXT_3V3", "", "O", 31.4961, 7.874, 0, 0, 315],
		[310, "PAD122_28", -109.0813, -147.7261, "T", "SMD", "USB_CHECK", "", "O", 31.4961, 7.874, 0, 0, 315],
		[311, "PAD123_29", -19.9929, -170.0071, "T", "SMD", "GND", "GND", "R", 100, 100, 0, 0, 315],
		[312, "PAD124_2", 120, -412.96, "T", "SMD", "$1N92466", "", "R", 22.27, 21.26, 0, 0, 90],
		[313, "PAD125_1", 120, -447.04, "T", "SMD", "$1N37316", "", "R", 22.27, 21.26, 0, 0, 90],
		[314, "PAD126_2", 80, -447.04, "T", "SMD", "GND", "GND", "R", 22.27, 21.26, 0, 0, 270],
		[315, "PAD127_1", 80, -412.96, "T", "SMD", "$1N92466", "", "R", 22.27, 21.26, 0, 0, 270],
		[316, "PAD128_1", -37.4, -515.42, "T", "SMD", "5V", "", "R", 19.291, 45.551, 0, 0, 0],
		[317, "PAD129_2", 0, -515.42, "T", "SMD", "GND", "GND", "R", 19.291, 45.551, 0, 0, 0],
		[318, "PAD130_3", 37.4, -515.42, "T", "SMD", "$1N32028", "", "R", 19.291, 45.551, 0, 0, 0],
		[319, "PAD131_5", -37.4, -424.58, "T", "SMD", "VDD3V3", "", "R", 19.291, 46.26, 0, 0, 0],
		[320, "PAD132_2", 65, -617.96, "T", "SMD", "GND", "GND", "R", 22.27, 21.26, 0, 0, 90],
		[321, "PAD133_1", 65, -652.04, "T", "SMD", "USB_CC2", "", "R", 22.27, 21.26, 0, 0, 90],
		[322, "PAD134_2", 235.005, -326.475, "T", "SMD", "$1N31375", "", "R", 31.496, 31.496, 0, 0, 0],
		[323, "PAD135_1", 234.995, -263.525, "T", "SMD", "GND", "GND", "R", 31.496, 31.496, 0, 0, 0],
		[324, "PAD136_2", 223.525, -390.005, "T", "SMD", "$1N79565", "", "R", 31.496, 31.496, 0, 0, 270],
		[325, "PAD137_1", 286.475, -389.995, "T", "SMD", "$1N79569", "", "R", 31.496, 31.496, 0, 0, 270],
		[326, "PAD138_2", 177.04, -255, "T", "SMD", "$1N31393", "", "R", 22.27, 21.26, 0, 0, 0],
		[327, "PAD139_1", 142.96, -255, "T", "SMD", "PB12", "", "R", 22.27, 21.26, 0, 0, 0],
		[328, "PAD140_2", 180, -417.04, "T", "SMD", "$1N79565", "", "R", 22.27, 21.26, 0, 0, 270],
		[329, "PAD141_1", 180, -382.96, "T", "SMD", "VBUS", "", "R", 22.27, 21.26, 0, 0, 270],
		[330, "PAD142_2", 177.04, -295, "T", "SMD", "$1N31375", "", "R", 22.27, 21.26, 0, 0, 0],
		[331, "PAD143_1", 142.96, -295, "T", "SMD", "PB13", "", "R", 22.27, 21.26, 0, 0, 0],
		[332, "PAD144_2", 177.04, -215, "T", "SMD", "$1N101374", "", "R", 22.27, 21.26, 0, 0, 0],
		[333, "PAD145_1", 142.96, -215, "T", "SMD", "PB23", "", "R", 22.27, 21.26, 0, 0, 0],
		[334, "PAD146_2", 80, -487.96, "T", "SMD", "$1N37316", "", "R", 22.27, 21.26, 0, 0, 90],
		[335, "PAD147_1", 80, -522.04, "T", "SMD", "$1N37309", "", "R", 22.27, 21.26, 0, 0, 90],
		[336, "PAD148_2", -215, -162.04, "T", "SMD", "RXD0_INV", "", "R", 22.27, 21.26, 0, 0, 270],
		[337, "PAD149_1", -215, -127.96, "T", "SMD", "$1N97816", "", "R", 22.27, 21.26, 0, 0, 270],
		[338, "PAD150_2", -215, -392.96, "T", "SMD", "GND", "GND", "R", 22.27, 21.26, 0, 0, 90],
		[339, "PAD151_1", -215, -427.04, "T", "SMD", "$1N27507", "", "R", 22.27, 21.26, 0, 0, 90],
		[340, "PAD152_1", 290.587, -125, "T", "SMD", "GND", "GND", "R", 39.37, 31.496, 0, 0, 180],
		[341, "PAD153_2", 239.407, -125, "T", "SMD", "$1N101374", "", "R", 35.433, 31.496, 0, 0, 180]
	]
}
}